{
  "target_definition": "1 if MACRON wins the commune in 2022 second round, else 0",
  "baseline_metrics": {
    "accuracy": 0.8148148148148148,
    "balanced_accuracy": 0.5,
    "precision": 0.8148148148148148,
    "recall": 1.0,
    "f1": 0.8979591836734693,
    "tp": 44,
    "tn": 0,
    "fp": 10,
    "fn": 0
  },
  "model_metrics": {
    "accuracy": 0.9074074074074074,
    "balanced_accuracy": 0.865909090909091,
    "precision": 0.9534883720930233,
    "recall": 0.9318181818181818,
    "f1": 0.942528735632184,
    "tp": 41,
    "tn": 8,
    "fp": 2,
    "fn": 3
  },
  "dataset_rows": 267,
  "features_count": 67
}