{
  "with_2022_t1": {
    "features_count": 89,
    "accuracy": 0.9259259259259259,
    "balanced_accuracy": 0.9159090909090909,
    "f1": 0.9534883720930233
  },
  "without_2022_t1": {
    "features_count": 67,
    "accuracy": 0.9074074074074074,
    "balanced_accuracy": 0.865909090909091,
    "f1": 0.942528735632184
  }
}