{
  "with_2022_t1": {
    "features_count": 94,
    "accuracy": 0.9433962264150944,
    "balanced_accuracy": 0.8883720930232558,
    "f1": 0.9655172413793104
  },
  "without_2022_t1": {
    "features_count": 73,
    "accuracy": 0.9056603773584906,
    "balanced_accuracy": 0.8651162790697675,
    "f1": 0.9411764705882352
  }
}